id,contact,email,password_hash,address,name
1,9731349392,diane.hall860@icloud.com,749f15f27c7de90125436beffa8b4761e48e4f448ae4edb475f5af90c4aac047,487 Gandhi Rd Mumbai 895794,Diane Hall
2,8320748157,marie.carter107@yahoo.com,9134709a56e6d7a584b91cba990ca6338995e6bac16cd89aed8c088591543cf8,122 Linking Rd Vadodara 162804,Marie Carter
3,8201840395,larry.sullivan96@gmail.com,f55ad5fa8f7e4fcfb2fb3c969699b109eddcd4f2b030958fb9367c920249008e,460 Banjara Hills Nagpur 834891,Larry Sullivan
4,7364653118,karen.murphy595@gmail.com,b639261e9d839bd4d025dde129907fde600b8a997bfc3f96deb3be98ce4e015d,69 Industrial Area Bhopal 178465,Karen Murphy
5,7267502879,gloria.diaz446@icloud.com,dd9fc8b0a87084dbe432b3d0d76d9d15ef7eace034abcbd294473444e3a9afa2,122 Spring St Jaipur 992247,Gloria Diaz
6,8401239832,terry.turner326@hotmail.com,d334f47fc216d4b6053d29b06fae67398722932a7a4dd41493e8cd222e217e37,120 Cedar Rd Pune 242723,Terry Turner
7,7667483244,cheryl.wilson109@yahoo.com,94424a8cc295c64bcb6eb6b2f355dcdf657f1afe199464bc24193d2c01022ca2,239 Washington Blvd Nagpur 226601,Cheryl Wilson
8,7891790792,catherine.rivera463@outlook.com,5b1cb60c9e6e748e4ec70344feec657d997e80b6d81260630b3ff5c724d438c7,136 Walnut Ave Bangalore 265271,Catherine Rivera
9,9993068140,tiffany.hill618@gmail.com,0a05224c2a57cd35d491fa6d51f298c6429817cc4cd31f9ffd70a25b30445078,428 Washington Blvd Chennai 195643,Tiffany Hill
10,8701857002,carl.rivera526@gmail.com,4fcebd2385ce8d9836a35f19fd569eaf8fc878fb6f93d8b891924b7895c3cae8,154 Forest Dr Kolkata 132591,Carl Rivera
11,9387803202,betty.morris767@rediffmail.com,081add80a9b9c6411d757caaa27ea0114eddd7a8337b660f27eea9534af9b451,49 Ring Rd Hyderabad 942946,Betty Morris
12,7051354601,stephen.thomas64@yahoo.com,11dd375d841d4d1410384e1ac109f28297295012a66693b0e27fc0edba0c73be,102 Anna Salai Indore 819622,Stephen Thomas
13,7360946585,denise.hughes597@rediffmail.com,3d129db38d605d157d9054aed738a0bc783f7acbe20c672cdb975c22981906f0,470 Cedar Rd Mumbai 167603,Denise Hughes
14,8904523027,aaron.hughes829@yahoo.com,04202baba8a931074306e8a1b5739ce04b3627ef67d8e3307e93b9c36923f970,464 Gandhi Rd Hyderabad 144770,Aaron Hughes
15,7721508131,angela.miller947@rediffmail.com,57958ea99a1a138b93b4c10a8ed906d7a1f54c2219289ec995e7df7f8073cf59,421 Anna Salai Vadodara 130914,Angela Miller
16,8832508021,lisa.sanders177@outlook.com,bb1d637776d0548db8fe3aaaf3a980c0571afba5c7ca19e761e5c7a36d96f01f,466 Lake Rd Jaipur 393448,Lisa Sanders
17,7148818209,laura.martin629@rediffmail.com,e3638b70e15bb80202d61f2e70a307feaa36b3c642d822d20053a28a9c1c6cf6,126 Spring St Vadodara 532005,Laura Martin
18,7261903104,joyce.morgan90@outlook.com,f8e65e37851254939325e889e2e90ae965a4dd10e2ee058213f985659cb57bd1,71 Linking Rd Pune 773870,Joyce Morgan
19,9709069459,janet.young822@rediffmail.com,93384ea55b578a9be51e8569f0621c6c41d89c9f6c16f82a240e11a7c8b204f9,196 Nehru Marg Vadodara 670968,Janet Young
20,9429453032,pamela.hall515@outlook.com,65cc16248c5d8cfa92422baa32eb9696acbfc4a86aea3b175bd289b1a6f15361,139 Lake Rd Mumbai 434367,Pamela Hall
21,7125857393,jean.lewis918@outlook.com,d939d32bbdcf0c9b4b2e92f724cb3dd03056b91a514f678f693e41b2051ad970,415 Mall Rd Coimbatore 474795,Jean Lewis
22,7685583357,cheryl.robinson103@yahoo.com,35cdd751aafc2ffaac8f390a2f5c46e87b202b8cd14fb4a461f29848db7c511f,124 Sunset Blvd Kochi 955937,Cheryl Robinson
23,9472578783,mark.lewis867@hotmail.com,ad4e8c4a18bc421d2631e06216df64aa3b558cfe5b0c8fe2df248b2bf2e2e338,479 Lake Rd Kolkata 348041,Mark Lewis
24,9996283266,gloria.green368@rediffmail.com,68f73892ef70c9f0d15e69796304d0f0361e2a6e3e4fdd7d2e9c45e65cdb139f,361 Nehru Marg Mysore 690984,Gloria Green
25,7808457424,larry.diaz857@hotmail.com,48be75ff535bf76264e789c13431451a7886ef364598ddc77ca5219d0f852fee,159 Lake Rd Vadodara 139807,Larry Diaz
26,7999109703,timothy.davis617@yahoo.com,123bbfb96ef493890e5cee1d092c8e4862fe87cc7c2f48bc6614dedf7f917456,270 Mall Rd Mumbai 447848,Timothy Davis
27,7560448350,grace.sanchez349@icloud.com,687c238287aa489fc5599e0226e0952e31e17969ef6eefcaa46ee0013301c225,471 Washington Blvd Delhi 122977,Grace Sanchez
28,7608393560,justin.watson793@gmail.com,af9d22ac9afa4e797eb8b63ed2b73bcc0033654e3503e58867178d4fb63178f9,441 MG Road Bangalore 491738,Justin Watson
29,9516922421,alexis.turner104@outlook.com,3293c3933b320522ceb30e6f71d1a173c1c9f0acc2cde1b4133a35efbe2c1f85,166 Broadway Kolkata 867926,Alexis Turner
30,9092508149,stephanie.cruz665@outlook.com,83975aebfab068bea2207093f53bd0b8fe6c410340425dcac711972c1a1207c5,363 Connaught Place Ghaziabad 743520,Stephanie Cruz
31,9858436754,elizabeth.lewis604@yahoo.com,c23dfcef2b185404b6fb03abe60fd89f117c3c38075d8e153ac56cf82b8b494a,158 Spring St Chennai 286340,Elizabeth Lewis
32,9460306692,james.morales401@rediffmail.com,769127c8290702dcdc06f5cfd4d2159ad5d237f8959471bf29cd06e4ebd57426,94 Phase 5 Chandigarh 948095,James Morales
33,9747261955,sophia.lewis580@gmail.com,a678d9f2b222557d3768a687450d7f26f70d176d0bd7f2f18815c76843699381,73 Gandhi Rd Thane 181586,Sophia Lewis
34,8372322277,roger.hall172@icloud.com,f817c1face5dbdef72e2fe0ff58be826b885ba76ff7b2c6d5fd2515bb9dd3929,421 Industrial Area Thane 452058,Roger Hall
35,8139078760,laura.johnson215@yahoo.com,d7f9ae0eb685c793a8cc0627b5269ddf967457bfa6b0734a96941f0db1a681df,35 Nehru Marg Jaipur 925250,Laura Johnson
36,7005502537,edward.russell50@hotmail.com,c07a308c890f17f8b5b0d71fab16a17932c8dcf3bae59e2873810064d30d674d,376 Linking Rd Kolkata 534130,Edward Russell
37,8508526390,anna.carter560@hotmail.com,c73c92b0561256f795ecd32e8246cc7fc0bccf22b24c92506e40ac32e4e991fd,425 Mall Rd Mysore 782591,Anna Carter
38,7698604397,tiffany.lewis463@gmail.com,8af2c904e71b3eef273f336932c87c3b3cae5dafa9366d2345c2efda6507d06b,151 Park Ave Chandigarh 373812,Tiffany Lewis
39,8468055063,george.martinez175@hotmail.com,a16d7982051ffeec4aa4be857d3032cacb20f89031422ae4b2d0d27288d17327,375 Cedar Rd Kochi 197627,George Martinez
40,9635584024,todd.brooks915@hotmail.com,09843c539b2e4c6c4448c288babad1302d0af6b22fec9718403847eb9b927e72,16 FC Road Gurgaon 273012,Todd Brooks
41,7674755608,abigail.collins55@gmail.com,3b4fabf5ebae76d6856730cf87c80dc795f5fd676ccb6376bb4242bc250ca862,106 Hill St Nagpur 831063,Abigail Collins
42,9319821061,victoria.russell272@icloud.com,2dfb4580b376a4da8c811b6e9f1d592be045e978848c93232d3d3bdc0555fd0d,153 College Ave Hyderabad 152046,Victoria Russell
43,9360783034,ashley.richardson861@hotmail.com,f4a1b0ee75dae1c6f9deeb4383b04245009edc826be1b36cfa4ab8e4d9bc1650,28 MG Road Mumbai 548377,Ashley Richardson
44,9843355206,brian.nguyen641@rediffmail.com,3542d5692e12dfbc1b40b98012918d9d9f1ca8015f08dc2918495e5cabf82844,103 Pine St Mumbai 317005,Brian Nguyen
45,8253320675,alexander.cruz84@hotmail.com,479a08b8309397f97bd9732353ab27efe10b22821e163af37f1155710e75c847,158 Anna Salai Vadodara 612855,Alexander Cruz
46,7391429896,alexis.king658@rediffmail.com,a765f573c01cb5aaaf35b2693c28f21f014b16b572968bcb9ef70bd7f29e7067,95 MG Road Bhopal 487345,Alexis King
47,7191628232,raymond.morris270@hotmail.com,24e44685fc16b1fff05467a7067a78694a34a83aee26a1758423b9ef271b6e6e,135 Station Rd Jaipur 691655,Raymond Morris
48,9991319958,steven.martin684@gmail.com,f5fadd9727e76b77a72b323fe4ca9c9dde347cbc22cd46d41d6a9376656221ca,343 Nehru Marg Kochi 534096,Steven Martin
49,9377702111,jacqueline.robinson63@hotmail.com,c86cb3abcc2fa225066127535ef552449939f1c44ed2cbb1359ee4579b606178,215 Jubilee Hills Faridabad 597889,Jacqueline Robinson
50,9045530940,megan.walker307@gmail.com,7d5c5ae394cb528dfee41af295fc425c0c9b94db04204b3586a0ac975ff6754c,463 Oak Lane Coimbatore 698967,Megan Walker
51,9909990149,carolyn.richardson636@yahoo.com,cf9bbf66fb22686e65219e402f791b3f4a3dbce2c206b3de7f1563ddf953aea0,487 SG Highway Kolkata 275284,Carolyn Richardson
52,7541964762,adam.harris44@hotmail.com,8bf73ea1ef2adc2d04c89714a485b2b3449c369b3d298816ceab44648801d691,350 FC Road Pune 962520,Adam Harris
53,9555710238,theresa.jackson265@outlook.com,f4fdbbc4a190d8ce769f8e0b3ea03b9485360eb54f978a5bfbe17ec942bfb99d,469 Cedar Rd Bangalore 506951,Theresa Jackson
54,9371054709,kelly.turner334@outlook.com,92082bb2705c836f4980f23b4b3884728589f5869f43cd186e3b497b275fff23,235 Main St Ghaziabad 753323,Kelly Turner
55,8802141793,jacqueline.bell116@hotmail.com,cdb023aae918c3d27103d5f01108a516de7754f95295c87c62f3063f6babc4ad,76 Rajpath Mysore 710981,Jacqueline Bell
56,9416708343,jason.wilson799@gmail.com,eae8f8a00004506a95af9f46d340d8ae75779f0540a8c921a7ea7fee94e5d082,445 Jubilee Hills Indore 530849,Jason Wilson
57,9812291645,bryan.roberts498@rediffmail.com,ad265acaab1af4ab088863500dd681d875ed7578bbf246272ab21e4c8b908db2,243 Oak Lane Kolkata 388792,Bryan Roberts
58,9655339870,betty.jackson624@icloud.com,fc42ddf9a37136712100e64a39990716646295dd68b97e3296f791d073ede273,206 Oak Lane Bhopal 447596,Betty Jackson
59,7211703120,christina.walker764@hotmail.com,dbb1a9163b18da47009470f5331165bf8e48f8a74aa8a2570f62c67002d439f7,460 MG Road Mumbai 454278,Christina Walker
60,8204079697,vincent.flores864@hotmail.com,1bb0b7d5fa6ea158ee3d918a5b24ba38f7fe27dbbbdd700531d999e95ea997a9,351 Pine St Ahmedabad 240913,Vincent Flores
61,8378118917,harry.stewart276@icloud.com,3a971b475975a354cf9523cc3fdafe169c9df87324ddcb44ca7bfe7776a35f7e,310 Maple Dr Pune 563173,Harry Stewart
62,9080741273,adam.parker778@rediffmail.com,b0c37b202013f4ad016f90feb90743152060f3224ed9c16f84b5953955a2a88d,421 Elm St Coimbatore 929937,Adam Parker
63,8336263518,brandon.rodriguez727@rediffmail.com,a93dad886fe2927a6fee87964461eb26588dde0ebff3c72ed1282b9de32a7a8a,70 Banjara Hills Mysore 130354,Brandon Rodriguez
64,7862114934,patrick.harris858@gmail.com,43663b79c8b34065de7b24605b67894353f74ce3ee4cfeb7ab59e54a0dd9f110,17 Ring Rd Delhi 477880,Patrick Harris
65,8582059473,aaron.scott844@hotmail.com,78df47bee2706a449d875a744677e19f13dc22590a70b8d2cdc3408e73ebfa1c,204 Industrial Area Hyderabad 814263,Aaron Scott
66,8599732557,joseph.walker501@rediffmail.com,849536292467c4947a1d65e5e557dbeec665123293d0fe1c24304959a4521a4d,91 Mall Rd Mysore 678115,Joseph Walker
67,7702285630,jennifer.hall858@outlook.com,7785c72703b0dfae0d7fd31c6954042fe1da18c3d6a8f0bf07cc7dffdee64c4c,426 Maple Dr Lucknow 128783,Jennifer Hall
68,7699681969,nancy.miller875@rediffmail.com,eafca7ee11b75dca2a6c122afda979cacb5a975ae746f135d96aaab107a186ab,439 Station Rd Gurgaon 336047,Nancy Miller
69,8155705163,amber.clark668@hotmail.com,7b253d88f44e82d5888ef5f202f09fb75155c620e2bba59370c5fb2e989cd33c,11 Main St Vadodara 238741,Amber Clark
70,9581885004,madison.thompson821@gmail.com,52f7a338d2220b54a76abadaffec82307c9d7c20c6377c28323744532abd6807,130 Phase 5 Lucknow 847362,Madison Thompson
71,8820236332,evelyn.scott917@hotmail.com,dc9ccc31f7640812f23408bb9132e07ad6d6c4f119f4688c51b4dd626b092ca7,236 Forest Dr Pune 589368,Evelyn Scott
72,9236122747,vincent.foster845@rediffmail.com,a74652d450bdb7d31c97a876af4c242a9dbd14c7b391e0165bb09e66e33653c6,300 Pine St Mumbai 636361,Vincent Foster
73,9411439945,alexis.mitchell663@rediffmail.com,0e057c08ba7383d0074119985a9cb628aa76d63859e89b82f75366a6f0699913,145 Lincoln Ave Faridabad 213355,Alexis Mitchell
74,8444327294,nicole.rodriguez284@icloud.com,50dbdd4b700896c21ac221f4940e6754fbe15aa7ed22ac88fd953842a77de27a,442 Sunset Blvd Jaipur 787991,Nicole Rodriguez
75,7809000407,hannah.hill154@rediffmail.com,3a8a57397c74dac23aea7529772b42e96c61a3d3aa4549fc90816e5347638abb,461 Elm St Noida 523727,Hannah Hill
76,9923823693,alexis.green144@icloud.com,75bd8943308db9edb0888b4f1795954c2fec8fd5ead1e0f0747ade00d835332d,336 Civil Lines Lucknow 372028,Alexis Green
77,8667628074,carol.phillips755@gmail.com,3cc0324c2cbbd2c236e1385c85aa6dda03b0723ac22eed2316b2a552eb78f5ee,363 Rajpath Pune 459836,Carol Phillips
78,9296240256,zachary.sanders654@hotmail.com,871053ddd0910917e758ed090eb6f789f0c583921a3665d5d9d9cc5169214e95,184 Residency Rd Lucknow 986486,Zachary Sanders
79,9397657114,alexander.myers186@outlook.com,8eb5d9cbd4aa7205db53c0519aaca900548d9479fa8e9c8ef17c6923aa455be8,242 Broadway Thane 371216,Alexander Myers
80,9919342370,teresa.white922@outlook.com,94b2d14cad2de9343dfc24cbe181f84f5de7e7293d35528453a80440644ffb49,46 Station Rd Indore 334176,Teresa White
81,8422996266,bobby.evans381@outlook.com,e3fbf9eb6dc875749a7e5be2404bc5003c7fd30d05fdbcb2b1b3f45c0eb86754,151 Ring Rd Hyderabad 593393,Bobby Evans
82,9506433915,anthony.cruz595@rediffmail.com,eeea1cfc4bf481d0e8552f4d73257b096567eab3b404d34cf35e6136033a18f5,242 Hill St Coimbatore 225636,Anthony Cruz
83,9275639056,danielle.carter306@hotmail.com,59d747a43974fcd65a8dd15296e8babbb466adde051eca96da0fd8eb238da96d,446 Church St Chennai 310026,Danielle Carter
84,9445569788,mary.parker915@hotmail.com,e5edde6553cdb9bc75f01d3834b43500587fe323fb4cc1447ec2a80fec236925,162 Lake Rd Navi Mumbai 184736,Mary Parker
85,9710265109,pamela.nelson182@outlook.com,79cf39c6b0a52779d7e39811155e55cc1fcf0402c2b5e911c801663838246a25,30 Main St Surat 386814,Pamela Nelson
86,9475099081,peter.perez783@yahoo.com,c430f16c5878a11c50df1613ca7eabfc204b60e9dcbdbdf229e26ddb73d40dd3,403 Maple Dr Chennai 744328,Peter Perez
87,8844300709,stephanie.cruz414@hotmail.com,cfac923b041639dcb7a32865f70ce092b0f5a228d2224933d75dd67eba29fb1f,197 Main St Delhi 659711,Stephanie Cruz
88,8602458325,nathan.ortiz973@gmail.com,561dd8eb77ff758b9490626e2295f2e78f1278a16f6eb96c2606d4b7d16f40e1,388 Banjara Hills Pune 118786,Nathan Ortiz
89,9691599845,amber.smith752@yahoo.com,57b433d5c777c63b0f9843f61943aa5849858399b5034a33ab9563c9e0204c53,356 Nehru Marg Lucknow 235193,Amber Smith
90,9161813706,george.roberts603@outlook.com,6662cb9a12df5a1648d0228fdd129dcd5e8fc2160f931379ce945f46bd999d42,34 Oak Lane Lucknow 404955,George Roberts
91,9234621711,amy.ortiz611@rediffmail.com,e0b84d4975652b547afa2115cac16c8db5b81a5a0ab2df31fa8348d7b1afefc8,223 Broadway Chandigarh 613989,Amy Ortiz
92,7708169264,elizabeth.harris971@hotmail.com,a0d8fea299b3659d529a0cee98a959017d5710fb48b720574d5792daca201cea,117 Station Rd Thane 237579,Elizabeth Harris
93,7094116768,adam.ortiz604@rediffmail.com,92f33116e9f6c795abd60671c0bad0a7a16cf72faf9fcf339fc3d1ccbbae5fd5,64 MG Road Ghaziabad 782141,Adam Ortiz
94,9750158124,christopher.carter262@rediffmail.com,22f4550301f67474ef1461fae6c079e8c437e08736378da4e93ea4acd5e2c9ff,25 Phase 5 Delhi 794125,Christopher Carter
95,7084790270,edward.price50@icloud.com,b86c1a76aa6b8cfb70ba5690802b019fb0c365d7d7cf2498836841253692dfa1,214 SG Highway Bhopal 229598,Edward Price
96,9037516736,joyce.allen719@yahoo.com,c103fb153104a3cd2ba983572ca396f46a31437fac55e5405bc39a5a5d0b2700,356 Industrial Area Mumbai 415743,Joyce Allen
97,7433705141,carol.myers679@rediffmail.com,a9ca3eac6bc68e960d2a6464c2b10182e7e62851f0a435872a49a13edec1494c,319 Phase 5 Ghaziabad 243826,Carol Myers
98,9197239905,carol.wilson737@rediffmail.com,3a29f4210d6a55165399b7ec212160d2c628754226ed020cf93246d1e2d9ff68,145 Walnut Ave Hyderabad 621917,Carol Wilson
99,7857917067,aaron.bennett797@outlook.com,d70cdc27a91ccc52447e402f55f616ae632fd192ab4ddb1cb7b4a6a10d8e4afb,499 Hill St Indore 837606,Aaron Bennett
100,7688799369,margaret.nguyen41@rediffmail.com,b785c44d20f138417f33921fa39313f790621f9443969c9f03e97700e845d9a0,467 River Rd Ghaziabad 604012,Margaret Nguyen
101,7011759631,bruce.walker14@icloud.com,a6006eb0f956e10bc10bd842530c7fe4adf3cb4d5ff314af2b158438b00859ae,465 Walnut Ave Mysore 801520,Bruce Walker
102,7386902139,anna.martin799@rediffmail.com,b1662690959640125fa972d6c9c6f1cbe240cca4b84d8feb771b2fdf9522d4e7,371 Pine St Jaipur 775636,Anna Martin
103,8271405590,albert.murphy271@hotmail.com,2ac8ec2cae40c875e346580c94e572b593eda2c42f756898d27e380421383eca,52 Lake Rd Delhi 993647,Albert Murphy
104,9906690116,louis.campbell321@hotmail.com,940286b0680748fcdb806293e05b6c7fa6262afb92c97c8ef7ebc3d8880c2236,60 Pine St Navi Mumbai 148118,Louis Campbell
105,9849088142,john.moore663@yahoo.com,e30ea22dbfb163423431d4bb5cdd09c8faf3540b7f092b30460d5ca64a0af5e4,184 SG Highway Noida 381342,John Moore
106,8471982906,timothy.mitchell188@gmail.com,f75ed54907317b0767d3111fbd9caa886afde348d1e1b7ec7e8ef29decf9e537,205 Ring Rd Jaipur 976303,Timothy Mitchell
107,9054046672,nancy.ross820@hotmail.com,de760315adc0c8a9de493f0482b146e1a21db434d4d8496c5b8064ad9c969260,454 Market St Hyderabad 238948,Nancy Ross
108,7445444412,steven.lee427@rediffmail.com,2b0de402c91e4640a227add2e6b89a7b96465e897171634575bc774d97da7cc0,411 Rajpath Faridabad 559447,Steven Lee
109,8631017155,jack.gray798@outlook.com,f95e7a4c853494f39a963c1fc4bc3f2fda8898c0b528d0a47f3a293bd926c70f,15 Broadway Vadodara 611833,Jack Gray
110,8892740043,jeffrey.parker48@gmail.com,344dbe6108afaa142e7f1cb060210bb64a0b57bd66a5e57b852a2c79df51fd2e,336 Washington Blvd Mumbai 838793,Jeffrey Parker
111,9476688619,amber.gomez742@rediffmail.com,5113f319f1c20eac3d521a471be50c1823f64a2643e7244578262920633c415e,490 Gandhi Rd Coimbatore 648513,Amber Gomez
112,9655316364,christina.morales98@hotmail.com,d2a0486a5526080596608b4859f3d45573d8d5e378ea1e872b23c7da04b4a758,373 College Ave Vadodara 462544,Christina Morales
113,9754811152,alexis.foster395@yahoo.com,2959428cbace2801aa3ee27b98b6b5f8dd4475bf66f66d8942a828b5570e6427,457 Block C Delhi 112210,Alexis Foster
114,9171396180,evelyn.lee870@hotmail.com,a5c7983ff97a846233400a6ef0244e3c057fb03b39e872c66b6ad209ce4bf47d,446 Market St Bangalore 887931,Evelyn Lee
115,8034622484,samantha.adams339@outlook.com,8b0e5875ea1dd27232de2f5a7108a05e1e4f8163628e9707d05655618607ba35,260 Station Rd Kochi 774567,Samantha Adams
116,8009317340,sarah.phillips81@hotmail.com,c9113e8bd64480c20bd233e4667928a4cc6989f00ca766cb1cb3e545f1fa7117,411 Rajpath Surat 192295,Sarah Phillips
117,8357473928,katherine.morris122@hotmail.com,b4e8dc3aeb13ce7c20880cc08b75fb3b13461c409304f911ce7f7c8b9c397f8e,335 Park Ave Hyderabad 523037,Katherine Morris
118,9392859462,donna.jones563@gmail.com,a6329b68550307d2d4a6f72a6386042cd55db67e8bae33a463928db4337efa7a,406 Phase 5 Noida 768507,Donna Jones
119,9415200001,vincent.bailey212@icloud.com,f383aedf845f169e107c0ef99a7b5742043710991420e1308a07d8a781c4f31f,234 Gandhi Rd Indore 965401,Vincent Bailey
120,8951890759,anthony.lewis340@rediffmail.com,875dd2e560460df5bd13af724c61b403af9131cf5ee494d042dc6ca0255e0ff8,308 Mall Rd Ghaziabad 789089,Anthony Lewis
121,8943612110,susan.sullivan117@gmail.com,f6f272452a9783572f4ff1c9f53b8bb2073cc347b2541a7cb07331b834aa671a,338 Station Rd Mumbai 457938,Susan Sullivan
122,8254059868,linda.cruz561@rediffmail.com,83cc7cb05dd936a8435abb2883ca25eea6f00e751a75e1eed217cd1d0e7e60e0,360 Pine St Delhi 272129,Linda Cruz
123,8757546829,anna.moore110@outlook.com,0e07ea129c9af128efd079cc82b0eb869b24ad419bf7fc7be199b01eb084106a,101 Hill St Hyderabad 993590,Anna Moore
124,8962997637,ashley.ramirez845@yahoo.com,3abb29dfbbf4f1d40e4f2fdae674a1907514db25e4ec5f72588de1fe8047a57f,174 Pine St Navi Mumbai 534603,Ashley Ramirez
125,9886826923,daniel.cruz603@gmail.com,7063ad24cb4935df760489fb1b6009029eaab2c9c805573b25c828df42e3eee4,235 Sector 17 Coimbatore 241176,Daniel Cruz
126,9277897510,katherine.smith754@gmail.com,f229cb380f365c162a62f2ccf33a56b00b8bb988de2767becdeb07d2a2bc1e92,479 FC Road Mysore 606390,Katherine Smith
127,9971334438,rachel.thompson593@yahoo.com,d8eaa2852e8d3cfd5b6a871d07b59f06227a82f7760fc9080c534fd03f037551,418 Broadway Hyderabad 506224,Rachel Thompson
128,9603440682,marie.brooks904@outlook.com,f2e9b64a12c4126c8ede6e0a9d711896f206d26a19d0b6fa2f5306b4f181ab30,452 Brigade Rd Nagpur 738576,Marie Brooks
129,8708838608,carl.scott987@outlook.com,aa0c282a32aba230d51f8d2fd1fdbc4466ad12742b1fec27debc89b3ab4edc1d,232 Broadway Chennai 532794,Carl Scott
130,9200288670,judith.morales307@icloud.com,7d8c60c948a7afe2a376f469a5649d9e300b84122754120ca2b82adfc732bd3b,441 Washington Blvd Ghaziabad 872610,Judith Morales
131,7933479178,victoria.reyes206@yahoo.com,7c74ceefcbba2e543d260f553c3b0faa0e3a356974aa0a73e15f25ad3c42a3be,366 Spring St Faridabad 462066,Victoria Reyes
132,9792099745,charlotte.taylor999@yahoo.com,68df6e2dc87dba0b706f92eb43fba3a4dee0f6e10f527b227b6a9e322e074a08,278 Industrial Area Chandigarh 844858,Charlotte Taylor
133,9414975110,ryan.rivera492@rediffmail.com,9e64cea641ce3552cd02576d3469cdff96ce4e245ab3330fee3627748426b637,483 Linking Rd Faridabad 884197,Ryan Rivera
134,8814135645,helen.torres828@gmail.com,5e70bbdbe495986f3226a05bf65af57fe3d1376376ccae0a83fc7738460c4bb1,55 Park Ave Bhopal 252386,Helen Torres
135,7243115672,anthony.long205@outlook.com,6a263454dcad496873c5fcad85bfa6d95e8db0ed7ba21e8bc0738b316f0fc991,403 Market St Lucknow 816586,Anthony Long
136,7266428954,lawrence.jackson708@outlook.com,13af9335bdc05a62a87c4c2b9d5739bfa15ba3d3165aaf939598c0422ca1c03b,386 Jubilee Hills Delhi 476105,Lawrence Jackson
137,9646167278,cynthia.wilson889@icloud.com,8043c5573a139b287b1665b8de40ac24ee19f50117521aa0f5ffa4cf82d86415,288 Station Rd Thane 778553,Cynthia Wilson
138,8020464793,teresa.roberts524@icloud.com,3124b300e3f6b65ed147435749fa2f1618ed08ecc5cbaa5d3ba8042668fad15d,355 Elm St Bhopal 506380,Teresa Roberts
139,8342838606,michelle.sanders990@rediffmail.com,cba130088751695b30dbcefc8a6fbd23fe815fd763dc674dbc36e2ba14f33f75,7 Forest Dr Pune 750706,Michelle Sanders
140,9722100861,sharon.lewis722@icloud.com,b1b1829efa8176ce8d7af3dd9352e71afac9e826f10a59761be53c6944b690ed,189 Sector 17 Kochi 874320,Sharon Lewis
141,7831066348,judith.sanchez302@hotmail.com,b04ab871b43203553dc5955340fdb8a30a85d387c5a1bd4471e05fc5c1867c59,350 Cedar Rd Kolkata 282237,Judith Sanchez
142,8620054076,olivia.thomas42@hotmail.com,3d9634924cbf2061e5f5e90dbad6288f444d0fe9400d51ee666ea9d34e431e11,285 Forest Dr Chennai 268746,Olivia Thomas
143,7024245671,cheryl.allen339@hotmail.com,56a379a0d2902c0ac50e5bb4d8898c213ad8888d371e32c583273efdf58d0a3a,480 Church St Delhi 261169,Cheryl Allen
144,7218422454,victor.brooks793@icloud.com,e1d242116900e5f8cfaa81dedddcc987f7b2f34f82a346df7aa9177c43faf280,432 Lincoln Ave Vadodara 928278,Victor Brooks
145,8537965898,megan.ward75@icloud.com,f07921590e440b2921d85cfbed3488c00d905f9c448b574c02b7db4b8a5fa1d2,270 Station Rd Kolkata 645895,Megan Ward
146,7684491050,andrew.reed426@rediffmail.com,fc2924676fb03e52054b02e6a037ee8d31964a5690bf9307f69cf013c1f8be9d,207 Maple Dr Indore 331942,Andrew Reed
147,8425428846,adam.myers340@outlook.com,33abaf0cd305cf9ee7ea79040ac8d96aa9ad21ac95693052b05261bcc450a579,112 Block C Coimbatore 597923,Adam Myers
148,7037811610,teresa.price118@icloud.com,d4c60c333ce1d2341d1521411e7f28723ee7b0f2fdeead765b8e2281f928b1f6,229 College Ave Gurgaon 743512,Teresa Price
149,7171271484,julia.young699@outlook.com,09b71ccc8ea294e0e52b671a64476d053c24e88e0f05979b8404861dd65fe93e,469 Walnut Ave Bhopal 369054,Julia Young
150,8214741296,diane.russell26@rediffmail.com,3ccf95d7d07b693fa5b03311e00697cc70a450cb3e3a673947757a3f6feedf60,264 Residency Rd Surat 610451,Diane Russell
151,9798292304,daniel.nguyen198@outlook.com,b16f7f14bc4121fe429eae2d82255fcd1f918e3fe6cce7563573ed78501ec38d,43 Pine St Kolkata 910883,Daniel Nguyen
152,7031484632,catherine.kelly642@gmail.com,fbe0f33a3b2e111dc1aa56e91566ec9750e05d5865c14c58281d7fb5217847d0,344 Industrial Area Navi Mumbai 323530,Catherine Kelly
153,7446362270,tiffany.edwards211@rediffmail.com,7d98c9769cb1068244584a43fbe210ced1db8ac7e0ce5f756e44c234bc6f464a,450 FC Road Gurgaon 956429,Tiffany Edwards
154,7660370908,joshua.sanders25@hotmail.com,7644b09b3250ecd0343194dbca951e7aabea19c64992f3a3c1cd6d344d6435c4,170 Oak Lane Bangalore 176806,Joshua Sanders
155,8081936639,anthony.thompson572@gmail.com,7e5b12db2004c717666bfd7e54bac02080b71ea2d5b04caa2dfd0f1ab4a29ad3,421 Station Rd Jaipur 527433,Anthony Thompson
156,9706762540,sandra.morris415@hotmail.com,d872d01325f8a8d271878e7896daaab2b8852c9651282b9e2a7010c0af1e8721,9 Brigade Rd Faridabad 224052,Sandra Morris
157,9754889723,helen.smith738@rediffmail.com,0061ca5072ffdd71cab92d855d6544ebcc718114f212527f717c743644caa255,388 Sector 17 Delhi 834928,Helen Smith
158,9159668272,joshua.rivera109@outlook.com,525e3b03073241de1fc558ec7f18bb1ce52b5cc99296eb78d5b87c549f6a4c8a,155 Phase 5 Bangalore 395192,Joshua Rivera
159,8696998516,rebecca.carter842@icloud.com,ddc57e8c2e998547cddeca691f32e92566f33b4ff6dd5959d0627acb1d5d83a8,243 Market St Kochi 330545,Rebecca Carter
160,9343868762,jonathan.turner303@icloud.com,37e47dd9d03ac48ecc309073cbfa7917779a9604f8b41aedc293609efd05fd35,153 MG Road Mumbai 680412,Jonathan Turner
161,7529290976,kelly.jackson43@gmail.com,221750b352f1ac7ab999d96c66a866412d4f9b455bbe0b3ffe4b876fe6d7c41f,306 Anna Salai Kochi 674122,Kelly Jackson
162,7902170293,kevin.flores767@icloud.com,6edfaef38d4d235a9e05de1f80de18226eb0efdb4f491a8cc184578a39c12ba6,177 River Rd Nagpur 777308,Kevin Flores
163,7691293717,olivia.jackson189@yahoo.com,a9d7d757b5512391beec6752fca7855977517c0d49dc1375c91db2fd4d9d4f47,428 Forest Dr Pune 220190,Olivia Jackson
164,9436503348,jack.long873@gmail.com,f257a4b5eaca31ac12c2de19a4a3e683b65e425e44d09f217ae81ccc00e21a1b,478 Connaught Place Surat 775990,Jack Long
165,8248343708,joyce.martinez688@gmail.com,04a05fd322f4d46f1c2b80ca5e881fb2cd1373616765ab8e54c9be04bfcaa6a3,51 Hill St Thane 708798,Joyce Martinez
166,8533897596,pamela.nelson132@icloud.com,5085c92f00d6c97b5622494f6f62cf4a53f7f808ca97f5664cb56a6eaf10f5a6,121 Pine St Lucknow 749609,Pamela Nelson
167,8364880195,andrew.harris498@hotmail.com,0b355ea9d90f35d67b70e9204240bc3179e0cc27e13f1e719c8becd803ef895e,316 Lincoln Ave Ghaziabad 712546,Andrew Harris
168,9434653305,scott.diaz374@outlook.com,469e974a621b25ef311a972f7bd9e112e1b3390671523829f862ae9966b7277b,87 Main St Chandigarh 358133,Scott Diaz
169,9752380581,zachary.sullivan447@outlook.com,f43b4cd1d5572df2770ace9b7f5d9e545cb6907d942c2f94a8e845c4d18de4fc,69 Gandhi Rd Vadodara 585331,Zachary Sullivan
170,8311991364,laura.rivera499@rediffmail.com,2219ba742c8f78aef065e6ae236344f277beeec4ebff6dd0a17b8ddcab0bf9e4,90 Phase 5 Bangalore 982683,Laura Rivera
171,9313346852,eugene.moore202@outlook.com,cefa4f3927af901fbca6153f6a1cbf591545b45364f1c062eb0f1ec9c8ce65cc,454 Industrial Area Bangalore 862760,Eugene Moore
172,9178314265,paul.williams647@gmail.com,b459b5a413ccc6bda20dd611479d1635af9e4c427acd5239a44613f0b2f95034,297 Anna Salai Navi Mumbai 718697,Paul Williams
173,9369078206,adam.jones267@rediffmail.com,951e7fa64fddb72ea6d95b46d9342be52d6cf36b7fb6a436e0e98260f8ebc9fc,242 Church St Indore 511564,Adam Jones
174,8249831874,arthur.watson138@hotmail.com,15fc2bd496097ab751aa797d124355a12904476290d352f5b5e7495ae45b8475,262 Maple Dr Bhopal 481540,Arthur Watson
175,9846182436,christine.johnson245@rediffmail.com,5185f62e8e38e83d5c2161d9d5e6d7ac81ffab65335203c4f0ed9d6ca19926ea,85 Residency Rd Chennai 567896,Christine Johnson
176,9432485873,brandon.thompson972@rediffmail.com,3cb10875357eb41a8aa280de63f561f37eba24e2fc36391e79bb5f5cfb75478b,447 Church St Thane 867562,Brandon Thompson
177,7173601852,nicole.rivera225@hotmail.com,4563daa97789ea8b8837acb50d2eaaee6234dc55293ff8b253982de9f7ae9db7,33 Forest Dr Indore 345386,Nicole Rivera
178,7888087890,charles.long531@outlook.com,8a085f5b741a2a8608d8fcf4e5ff1694e558ca661cf6b42c96581a47e3193995,241 Ring Rd Delhi 141843,Charles Long
179,7443348057,hannah.adams721@rediffmail.com,a6fa6e69f6083a2d974e4f0e34acb712c12dc6a82cc3e7db786e00c3115ae857,425 Sunset Blvd Thane 376106,Hannah Adams
180,9448819206,ann.howard179@hotmail.com,bb9cc0152a1ad152d9453d299585fe6305fdbeb92fc05606d016b8c21fa61cc3,194 MG Road Mysore 785073,Ann Howard
181,8080555408,paul.bell386@yahoo.com,5485b7b8d84774061f81cb6f892e4b96bb68e8f07c7af5e706c101a2fb385f9e,208 Nehru Marg Indore 610511,Paul Bell
182,7028336833,nicole.bennett514@yahoo.com,bbf52334f7b13f874ab5b35cc1764ba751db0be4f87c36e8a7bf9c296cd9f514,85 Station Rd Bangalore 639535,Nicole Bennett
183,7908459040,evelyn.scott154@yahoo.com,5c198cb35314090e87bc5423e6db59163f99e1e14906a2291243da028cd148f4,186 Phase 5 Ghaziabad 956639,Evelyn Scott
184,7989329953,jacob.myers425@outlook.com,013b06cb86f55a043e2cdfbea3dc7ab39612cf8250e9af8cbd1bddb651c78038,59 Mall Rd Faridabad 602073,Jacob Myers
185,9537427612,brenda.clark166@icloud.com,3a7fc914865e703a1f49077b8b25df089c3a52108f3dc9635acf448e271a59aa,12 College Ave Delhi 234097,Brenda Clark
186,7692044390,megan.watson138@icloud.com,ff26db70d1e0a1424fd731440b3d9a05798084c0d007dea2f01419251097ca1e,21 Rajpath Chennai 158627,Megan Watson
187,7773255350,gregory.king530@hotmail.com,1cd0b51067ce9f82b4e3c84191d47d21d5aac2973080e60b043571681ccb3229,497 Rajpath Gurgaon 119524,Gregory King
188,7368287033,alexis.torres222@hotmail.com,5d122e0179e318c5aca1f1f87aa3fa0fdd0906a726e76b3bbe488b6ef25fad85,242 Mall Rd Kolkata 330019,Alexis Torres
189,7612943949,donna.brooks814@rediffmail.com,7af327e951feaa98ef735345a66eae1cab3d1a306c00cd4eea87b0dae8509bc2,320 Residency Rd Jaipur 275868,Donna Brooks
190,8947639426,tiffany.baker611@rediffmail.com,e8da2facd9079474daa38f281518dd226b9cab5d2f622b7a77b80131054dbb1f,118 Brigade Rd Bhopal 238635,Tiffany Baker
191,7869080406,edward.williams536@rediffmail.com,fbc1505215ef9901960694a8b7da78703b87754146d01edab3169cb2fe43f7f7,215 Church St Noida 200976,Edward Williams
192,9640323269,frank.rogers615@gmail.com,e41a339bb85f2bed825515bf4dfb267aff4213204df609c2442c43ab00a12da6,258 Walnut Ave Bangalore 605666,Frank Rogers
193,9591903901,marie.taylor553@gmail.com,78c38779ec9cf79e8c408a5bc979156dd843301d9e2770afc842daffbcc14647,333 FC Road Coimbatore 541119,Marie Taylor
194,9996353041,jessica.garcia543@hotmail.com,6736da96c7888131b888af4c5137a51c99ebb946193e7bfd50677e864dd59665,481 Mall Rd Navi Mumbai 499755,Jessica Garcia
195,9992336359,jennifer.watson590@gmail.com,5a58b966dcdecca7509ca2ca94f749c4ea472f42085f73113ab5be01fbec4fe2,69 Forest Dr Vadodara 903061,Jennifer Watson
196,8216621076,albert.hernandez613@rediffmail.com,4a9a9824f806201345775e4ace59918fc3ce6fe50a2160281570a6d090fa0997,132 Hill St Mumbai 843596,Albert Hernandez
197,9244294928,michael.richardson121@rediffmail.com,7e8fc7e39f0236fa25265098119b9bac54eeed5672184368ae75ecc0ceb9b66d,193 River Rd Ghaziabad 943356,Michael Richardson
198,8555936898,terry.parker110@yahoo.com,d388dce92b0ba422d09c819e5c23e728ed66b089f66cfa180c5ecd8f7040c59d,334 Sector 17 Jaipur 373995,Terry Parker
199,9425240213,catherine.edwards375@rediffmail.com,d6576ba2db2de9cfeb1828c7e2d86f86b71043b7547e2cf7924c9c1da2aee34a,349 Anna Salai Navi Mumbai 313588,Catherine Edwards
200,9394713470,donna.ward495@yahoo.com,d26a3f50b981d229753239955a6b09d41ce7225199bd3cb8b7883cba1a4b6a5c,287 Connaught Place Vadodara 366105,Donna Ward
