id,name,contact,email,vehicle_no
1,Sara Anderson,7107420369,sara.anderson760@outlook.com,TN29DC9935
2,Brian Watson,8812140441,brian.watson33@gmail.com,DL28GP4257
3,Hannah Morales,9340505846,hannah.morales430@yahoo.com,WB76HW3615
4,Amanda Baker,8193448329,amanda.baker160@yahoo.com,TS44CJ6881
5,Patricia Bennett,8136108454,patricia.bennett827@gmail.com,AP59NZ7201
6,Kenneth Ward,8259191105,kenneth.ward850@icloud.com,PB47PS1750
7,Alexis Robinson,8242911821,alexis.robinson82@yahoo.com,KL13JL6977
8,Samuel Mitchell,8525876051,samuel.mitchell215@icloud.com,UP90YQ3803
9,Helen Ortiz,8051454923,helen.ortiz168@hotmail.com,RJ35ZQ4598
10,Tiffany Adams,7240251661,tiffany.adams235@gmail.com,TS41KB6155
11,Adam Price,9144181937,adam.price406@icloud.com,WB19GG9830
12,Bryan Wood,8840109255,bryan.wood920@rediffmail.com,RJ47FZ9348
13,Anna Lopez,7202363285,anna.lopez882@gmail.com,KA81ER2040
14,Nancy Carter,9559321289,nancy.carter480@rediffmail.com,UP71WA2876
15,Danielle Kelly,8146005448,danielle.kelly788@icloud.com,GJ15HE1053
16,Bryan Reed,7767303988,bryan.reed520@gmail.com,KL81HQ4258
17,Scott Mitchell,7693847829,scott.mitchell553@rediffmail.com,MH77IA6947
18,Bobby Walker,7248786714,bobby.walker247@rediffmail.com,DL11TV9727
19,Gary Taylor,9833608204,gary.taylor487@rediffmail.com,KA34NP4470
20,Diane Ortiz,9962958940,diane.ortiz206@icloud.com,UP52ZQ8177
21,Carolyn Morris,7519709079,carolyn.morris254@yahoo.com,DL44AO4608
22,Michael Martinez,9710566582,michael.martinez61@yahoo.com,DL05WB4899
23,Eugene Long,9084839399,eugene.long220@rediffmail.com,KA93YO8744
24,Jeremy Rogers,8748309234,jeremy.rogers195@gmail.com,DL85LL8651
25,Anthony Foster,9806569935,anthony.foster662@gmail.com,MH52SU2790
26,Carl Harris,7816941039,carl.harris550@hotmail.com,KA55EM2235
27,Sharon Ward,7420514789,sharon.ward52@icloud.com,HR02ZY4872
28,Gregory Parker,9085812759,gregory.parker493@yahoo.com,KL52XE1035
29,Sandra King,8954246074,sandra.king293@hotmail.com,AP94ZO8973
30,Scott Harris,8274350418,scott.harris223@gmail.com,PB95OT1936
31,Matthew Wood,9047791082,matthew.wood515@rediffmail.com,KA08YC4044
32,Andrew Brooks,7291889680,andrew.brooks692@yahoo.com,RJ16YO1651
33,Rose Hernandez,8800557283,rose.hernandez674@rediffmail.com,PB67IG6147
34,Keith King,8699887270,keith.king135@icloud.com,MP39LY2188
35,John Murphy,9667858669,john.murphy577@gmail.com,DL69FG6718
36,Andrew Young,8587106770,andrew.young292@yahoo.com,WB70SP9666
37,John Long,9381998678,john.long307@icloud.com,DL18GX3546
38,Ralph Torres,9597724331,ralph.torres216@icloud.com,GJ27RW9280
39,Samantha Allen,7218179599,samantha.allen95@icloud.com,RJ36BI3143
40,Sara King,7693989311,sara.king760@hotmail.com,HR91LA2232
41,Christina Martin,9343292475,christina.martin37@outlook.com,PB71DD6050
42,Susan Garcia,8536778950,susan.garcia216@icloud.com,TN86CU7658
43,Rose Martin,8016779084,rose.martin886@yahoo.com,TS23WA6442
44,Donna Long,8065870178,donna.long274@yahoo.com,TS90CW8711
45,Zachary Sanchez,8976987348,zachary.sanchez359@outlook.com,KL30FR7528
46,Bruce Scott,7298159856,bruce.scott991@outlook.com,GJ83NR9785
47,Bruce Brown,7495389030,bruce.brown899@outlook.com,KA75ZG2776
48,Jean Collins,8484714820,jean.collins747@outlook.com,RJ78ZD4114
49,Dylan Garcia,8872852789,dylan.garcia2@rediffmail.com,TS69RY4228
50,Susan Collins,7300535210,susan.collins972@icloud.com,GJ80IW5920
51,Debra Flores,9864283209,debra.flores419@outlook.com,RJ90HD7888
52,Diana Carter,9909058412,diana.carter767@yahoo.com,PB73HO1006
53,Vincent Torres,7902727745,vincent.torres441@rediffmail.com,PB84IL4501
54,Rachel Rogers,7728818981,rachel.rogers675@gmail.com,UP66RQ2530
55,Roger Foster,8333241445,roger.foster231@yahoo.com,KA04BZ2193
56,Amy Evans,9704821724,amy.evans590@yahoo.com,AP90JK3417
57,Natalie Ross,7023814791,natalie.ross915@gmail.com,TS55FU9486
58,Angela Miller,9394039673,angela.miller256@gmail.com,WB18UR6198
59,Sharon Gray,9168005699,sharon.gray437@rediffmail.com,WB21TM5246
60,Carl Cruz,8191043170,carl.cruz785@rediffmail.com,WB81GL5681
61,Roger Wright,8442454200,roger.wright328@rediffmail.com,DL18DJ3503
62,Adam Rodriguez,8781844052,adam.rodriguez418@outlook.com,HR60KF7883
63,Sandra Wood,9987248494,sandra.wood21@rediffmail.com,RJ62AJ7389
64,Carol Kelly,9345620385,carol.kelly820@rediffmail.com,TN63FL1475
65,Sandra Baker,9872790327,sandra.baker696@hotmail.com,AP22VX9751
66,Richard Turner,9542160120,richard.turner578@icloud.com,MH11QD8564
67,Jack Miller,8117362852,jack.miller389@outlook.com,TN59IT7211
68,Eugene Evans,8083497965,eugene.evans855@gmail.com,WB03TB6733
69,Arthur Price,7294713656,arthur.price800@icloud.com,MH97AG1333
70,Julia Martin,8024542722,julia.martin130@hotmail.com,MP15OF5198
71,Jessica Perez,9602289301,jessica.perez622@icloud.com,AP15UE6096
72,Edward Wood,7110287971,edward.wood952@outlook.com,PB87XJ4249
73,Paul Watson,9966166331,paul.watson851@icloud.com,TN14SH2983
74,Lauren Garcia,8491228808,lauren.garcia546@hotmail.com,MP48BQ1207
75,Carol Peterson,7453285987,carol.peterson444@outlook.com,MP59SL9548
76,Hannah Wright,9645323395,hannah.wright828@rediffmail.com,TS62MV5397
77,Victor Young,7372214308,victor.young286@hotmail.com,TN97MP7209
78,Todd Brown,9123030247,todd.brown872@outlook.com,KA63FU6576
79,Eugene Brooks,8186564497,eugene.brooks570@gmail.com,HR25CS9004
80,Kelly Walker,9966144543,kelly.walker488@icloud.com,AP63LA5820
81,Zachary Phillips,9971203213,zachary.phillips250@outlook.com,MP75JO6632
82,Amanda Ward,8420737819,amanda.ward361@icloud.com,WB35HF4155
83,Terry Thomas,9301518177,terry.thomas974@icloud.com,KA25FM9595
84,Jean Torres,7431756350,jean.torres853@yahoo.com,UP30JH9751
85,Gary Scott,7195488441,gary.scott998@gmail.com,HR38SD9042
86,George Johnson,9465587067,george.johnson292@hotmail.com,WB57IZ5136
87,Brenda Anderson,7280647907,brenda.anderson411@hotmail.com,DL74QB3444
88,Lauren Hill,7365849190,lauren.hill255@gmail.com,HR98KP4697
89,Maria Carter,8934944879,maria.carter931@hotmail.com,UP76ZH1986
90,Sophia Jenkins,7426204934,sophia.jenkins971@yahoo.com,MP28GC4929
91,Patrick Ward,7322401182,patrick.ward161@gmail.com,RJ58RM1534
92,Albert Torres,8214266162,albert.torres720@hotmail.com,DL88GG4241
93,Amanda Anderson,9338877621,amanda.anderson231@icloud.com,KA35VB3718
94,Bobby Brooks,9444725646,bobby.brooks944@outlook.com,WB16MH7594
95,Ralph Reed,9319203166,ralph.reed506@hotmail.com,DL77BL6280
96,Judith Allen,7111088881,judith.allen94@yahoo.com,MP74PA5415
97,Andrea Garcia,7752438459,andrea.garcia482@rediffmail.com,MP57XE8141
98,Martha Peterson,7391883149,martha.peterson482@outlook.com,RJ43IC3634
99,Bruce Parker,9979305739,bruce.parker508@outlook.com,MP52VO8451
100,Brian Green,8084044802,brian.green332@gmail.com,TS52WV1018
101,Marie Howard,8984173309,marie.howard424@gmail.com,TN67JT8242
102,Anthony Clark,8146997816,anthony.clark563@yahoo.com,UP57WM1472
103,Denise Bennett,8027774780,denise.bennett727@yahoo.com,UP71AK4681
104,Ryan Cook,7504513251,ryan.cook664@yahoo.com,WB92HS7807
105,Nicole Rogers,8046816259,nicole.rogers468@rediffmail.com,KA50EP3236
106,Andrew Scott,8782164134,andrew.scott349@rediffmail.com,UP01HH9022
107,Benjamin Morris,9313185971,benjamin.morris496@outlook.com,GJ71TJ6272
108,Dennis Morales,8025662000,dennis.morales586@hotmail.com,TN53BT7246
109,Nancy Myers,9800400286,nancy.myers156@hotmail.com,MH17NP2644
110,Rebecca Gonzalez,9258942692,rebecca.gonzalez933@hotmail.com,MH93DW3529
111,Paul Rogers,8138264176,paul.rogers347@rediffmail.com,AP51QW9742
112,Lisa Green,9692081959,lisa.green736@hotmail.com,KL70AB5708
113,Gerald Lopez,8863893256,gerald.lopez101@icloud.com,AP13LS1474
114,Daniel Adams,7241030242,daniel.adams301@outlook.com,GJ56DN3950
115,Alexander Thompson,7339166473,alexander.thompson625@hotmail.com,PB88GX3344
116,Albert Cook,9739779525,albert.cook261@hotmail.com,UP86AU5712
117,Amber Howard,7678500147,amber.howard76@hotmail.com,GJ76HZ5097
118,Amy Hill,7855630484,amy.hill394@hotmail.com,DL31JJ5847
119,Philip Williams,9827075539,philip.williams406@outlook.com,MH73WU1803
120,Abigail Cooper,8229194523,abigail.cooper795@yahoo.com,PB46FE5106
121,Amber Russell,9831163141,amber.russell698@yahoo.com,MP13XQ6061
122,Rebecca Jones,9489250532,rebecca.jones374@icloud.com,KA12XI7807
123,Patrick Sanchez,7567622001,patrick.sanchez806@rediffmail.com,GJ68NH3695
124,Dylan Morgan,8267622868,dylan.morgan765@outlook.com,TS15MB4696
125,Amber Russell,9896552701,amber.russell407@rediffmail.com,GJ12UA9791
126,Nicholas Murphy,8583063357,nicholas.murphy689@icloud.com,MP34PV7086
127,Edward Foster,8004257438,edward.foster483@gmail.com,PB72IP2035
128,Martha Cook,8297896903,martha.cook665@hotmail.com,DL18BA9071
129,Ryan Gonzalez,8008458444,ryan.gonzalez909@rediffmail.com,KA50LR9850
130,Carol Watson,7663670797,carol.watson907@hotmail.com,MP13VQ5583
131,Thomas Ross,8591414076,thomas.ross223@hotmail.com,WB31WC7018
132,Julie Hughes,8540492440,julie.hughes63@hotmail.com,UP25ZY8450
133,Timothy Myers,7910987546,timothy.myers658@icloud.com,PB03BI3063
134,Lauren Clark,7294678352,lauren.clark850@rediffmail.com,TN76FW6383
135,Justin Brooks,7012178595,justin.brooks284@yahoo.com,KA70GE1422
136,Eric Johnson,8538638860,eric.johnson809@yahoo.com,PB42AG3076
137,Carol Gomez,7488120041,carol.gomez764@gmail.com,WB58UN2786
138,Cynthia Reed,7951548935,cynthia.reed969@rediffmail.com,MH94UW9543
139,Vincent Murphy,9763127185,vincent.murphy988@gmail.com,MH62WL2768
140,Samantha Sullivan,8905085701,samantha.sullivan76@gmail.com,GJ78DD9984
141,Martin Carter,9565778475,martin.carter544@outlook.com,WB65PC2874
142,Natalie Price,9367966782,natalie.price739@yahoo.com,RJ58XK8430
143,Kimberly Evans,7408390575,kimberly.evans321@hotmail.com,GJ86GY8770
144,Andrew Lopez,7366637148,andrew.lopez96@hotmail.com,DL96TV1982
145,Jacqueline Cox,9412411754,jacqueline.cox338@icloud.com,DL53JR7929
146,Anthony Torres,9578741716,anthony.torres320@outlook.com,DL74NE8900
147,Arthur Wilson,8503728142,arthur.wilson866@rediffmail.com,GJ15TO8030
148,Teresa James,9635277155,teresa.james692@icloud.com,HR04PR5381
149,Joseph White,8173687378,joseph.white720@outlook.com,GJ45AW7566
150,Andrew Jackson,9719453060,andrew.jackson996@gmail.com,DL96NJ8432
151,Mary Lee,8589365925,mary.lee320@icloud.com,GJ73PW3549
152,Brandon James,7213728259,brandon.james691@gmail.com,UP57RM8242
153,Michelle Wright,7925861658,michelle.wright774@rediffmail.com,DL45LH8972
154,Janet Long,8324651201,janet.long47@yahoo.com,RJ77BF4460
155,Stephen Allen,8243165953,stephen.allen336@gmail.com,MH64TE7229
156,Helen Powell,7988317990,helen.powell513@rediffmail.com,KL86UB1693
157,Stephanie Williams,8974629461,stephanie.williams944@gmail.com,KL41OO7843
158,Louis Anderson,8739600515,louis.anderson22@outlook.com,KA80LR6928
159,Brian Collins,7454678712,brian.collins250@hotmail.com,PB52NK6083
160,Todd Lewis,8430518844,todd.lewis798@yahoo.com,DL66QN4176
161,Jennifer Hall,9772156452,jennifer.hall835@yahoo.com,TN14DF3504
162,Natalie Martinez,7760836806,natalie.martinez975@icloud.com,WB60TT8354
163,Danielle Diaz,9761628889,danielle.diaz651@rediffmail.com,GJ81IL8682
164,Sharon Reyes,8300603858,sharon.reyes816@outlook.com,PB08JB8565
165,Cynthia Jones,7244340918,cynthia.jones378@outlook.com,DL83WW9307
166,Nancy Cook,9492495810,nancy.cook568@icloud.com,MH58XO4084
167,Victor Bennett,9042811108,victor.bennett514@yahoo.com,MH58CX6626
168,Kevin Reed,9775094726,kevin.reed177@gmail.com,TN91LL9564
169,Sophia Lee,8562929828,sophia.lee382@outlook.com,RJ53UR1857
170,Denise Hughes,8437308013,denise.hughes68@outlook.com,DL72RH3463
171,Sean Hernandez,9502847163,sean.hernandez680@yahoo.com,GJ40ZS7421
172,Eric Brooks,7363865392,eric.brooks318@rediffmail.com,RJ83UV9624
173,Timothy Hughes,9879586763,timothy.hughes434@rediffmail.com,GJ03JE4509
174,Mary Peterson,7824656200,mary.peterson232@yahoo.com,KA10HU9317
175,Diane Jenkins,9261436148,diane.jenkins39@icloud.com,GJ99QP3527
176,Samuel White,9975749366,samuel.white790@rediffmail.com,TS22SB6968
177,Amber Russell,8020184428,amber.russell993@hotmail.com,PB37TU4833
178,Helen Walker,8329154472,helen.walker989@hotmail.com,KL25JY8218
179,Angela Torres,8640129626,angela.torres515@rediffmail.com,RJ21VU3267
180,Lawrence Miller,9753842979,lawrence.miller493@outlook.com,HR14SN3042
181,Wayne Hernandez,7688536251,wayne.hernandez280@hotmail.com,HR19VC4637
182,Cynthia Hall,7114547603,cynthia.hall425@gmail.com,RJ65JK2337
183,Karen Lewis,7121064582,karen.lewis327@gmail.com,KL92QU3254
184,Christopher Torres,9029178475,christopher.torres713@yahoo.com,TS91MP2298
185,David Allen,7926230061,david.allen856@yahoo.com,HR94PL5720
186,Roger Hill,7523334661,roger.hill49@yahoo.com,RJ82UL2816
187,Katherine Brooks,9302333490,katherine.brooks17@icloud.com,HR74GD8032
188,James Gray,8515333350,james.gray247@rediffmail.com,RJ24RC6908
189,Andrew Gomez,9336814230,andrew.gomez520@rediffmail.com,HR03KM7338
190,Karen Allen,7069759864,karen.allen366@gmail.com,GJ31TQ6447
191,Jonathan Garcia,8513112872,jonathan.garcia560@outlook.com,KL83EU8612
192,Brenda Reyes,7782878018,brenda.reyes831@yahoo.com,DL92UL5807
193,Nathan Garcia,7856716405,nathan.garcia908@gmail.com,GJ40NZ9897
194,Emma Allen,7157284993,emma.allen772@icloud.com,TN37JU6438
195,Ralph Thomas,8580630311,ralph.thomas448@hotmail.com,AP57XK4060
196,Katherine Ross,9136846691,katherine.ross377@rediffmail.com,UP11SC3956
197,Julie Nguyen,8379592595,julie.nguyen106@gmail.com,GJ85HL7981
198,Gregory Ross,8906571986,gregory.ross360@hotmail.com,MH94WJ8126
199,Roy Cruz,7246351029,roy.cruz77@icloud.com,MP52JU3621
200,Joseph Jackson,9609505739,joseph.jackson695@hotmail.com,MH17BU7001
